{"cameraMode":{"drawMode":0,"name":"Shaded","section":"Shading Mode"},"sceneLighting":true,"audioPlay":false,"sceneViewState":{"showFog":true,"showMaterialUpdate":false,"showSkybox":true,"showFlares":true,"showImageEffects":true,"showParticleSystems":true},"in2DMode":false,"pivot":{"x":1.1060705184936524,"y":0.03577476739883423,"z":-4.051589488983154},"rotation":{"x":-0.022863904014229776,"y":0.6947770714759827,"z":-0.022107932716608049,"w":-0.7185240387916565},"size":2.2773966789245607,"orthographic":false}